isin,ticker,name_en,amount,date
US02376R1023,AAL,American Airlines Group Inc ⭐,23224117.0,2026-05-12
US03823U1025,AAOI,Applied Optoelectronics Inc ⭐,0.0,2026-05-12
US0378331005,AAPL,APPLE INC,4663359689.0,2026-05-12
US25461A8743,AAPU,Direxion Daily AAPL Bull 1.5X Shares ⭐,20661184.0,2026-05-12
US0090661010,ABNB,AIRBNB INC CL A,30507115.0,2026-05-12
CA05156X8843,ACB,Aurora Cannabis Inc ⭐,0.0,2026-05-12
KYG045611095,ACIC,ArcLight Clean Transition Corp (→Proterra SPAC) ⭐,0.0,2026-05-12
US4642882579,ACWI,ISHARES MSCI ACWI ETF,106989836.0,2026-05-12
US00724F1012,ADBE,ADOBE INC,0.0,2026-05-12
US4642872265,AGG,ISHARES CORE US AGGREGATE BOND ETF,20103260.0,2026-05-12
US74347W3530,AGQ,ProShares Ultra Silver ETF ⭐,111342780.0,2026-05-12
US12468P1049,AI,C3.ai Inc ⭐,9992033.0,2026-05-12
US0382221051,AMAT,APPLIED MATERIALS INC,438916755.0,2026-05-12
US00165C1045,AMC,AMC ENTERTAINMENT HOLDINGS INC,0.0,2026-05-12
US0079031078,AMD,ADVANCED MICRO DEVICES INC,1761373663.0,2026-05-12
US0301112076,AMSC,American Superconductor Corp ⭐,11213307.0,2026-05-12
US00180G1067,AMTD,AMTD IDEA Group ADR ⭐,0.0,2026-05-12
US03044L1052,AMWL,American Well Corp Class A ⭐,0.0,2026-05-12
US0231351067,AMZN,AMAZON.COM INC,2485536202.0,2026-05-12
US03831W1080,APP,AppLovin Corp ⭐,102171472.0,2026-05-12
US25400W1027,APPS,Digital Turbine Inc ⭐,2774848.0,2026-05-12
US04010L1035,ARCC,ARES CAPITAL CORP,46677105.0,2026-05-12
US00214Q3020,ARKG,ARK Genomic Revolution ETF ⭐,30298387.0,2026-05-12
US00214Q1040,ARKK,ARK Innovation ETF ⭐,94870381.0,2026-05-12
US00214Q4010,ARKW,ARK NEXT GENERATION INTERNET ETF,9262943.0,2026-05-12
US0420682058,ARM,ARM HOLDINGS PLC ADR,0.0,2026-05-12
US2330518794,ASHR,XTRACKERS HARVEST CSI300 CHINA A-SHARES ETF,11190614.0,2026-05-12
USN070592100,ASML,ASML HOLDING NV ADR,618741206.0,2026-05-12
US00217D1000,ASTS,AST SpaceMobile Inc Class A ⭐,270369945.0,2026-05-12
US02156U1016,ATER,Aterian Inc ⭐,0.0,2026-05-12
US00507V1098,ATVI,Activision Blizzard Inc,0.0,2026-05-12
CA05156V1022,AUPH,AURINIA PHARMACEUTICALS INC,129862657.0,2026-05-12
US11135F1012,AVGO,BROADCOM INC,3228263977.0,2026-05-12
US05338F2074,AVTX,Avalo Therapeutics Inc ⭐,0.0,2026-05-12
US0463531089,AZN,AstraZeneca PLC ADR ⭐,0.0,2026-05-12
US0970231058,BA,BOEING CO,148032854.0,2026-05-12
US01609W1027,BABA,ALIBABA GROUP HOLDING LTD ADR,102641844.0,2026-05-12
US0605051046,BAC,Bank of America Corp ⭐,57281110.0,2026-05-12
CA09228F1036,BB,BlackBerry Ltd ⭐,4740038.0,2026-05-12
US08975B1098,BBAI,BigBear.ai Holdings Inc ⭐,36129226.0,2026-05-12
US0758961009,BBBY,Bed Bath & Beyond Inc ⭐,0.0,2026-05-12
US9273301005,BBIG,Vinco Ventures Inc ⭐,0.0,2026-05-12
US0937121079,BE,Bloom Energy Corp Class A ⭐,591908406.0,2026-05-12
US0567521085,BIDU,BAIDU INC ADR,30164627.0,2026-05-12
US78468R6633,BIL,SPDR Bloomberg 1-3 Month T-Bill ETF ⭐,137013411.0,2026-05-12
US09175A2069,BIMI,BITMINE IMMERSION TECHNOLOGI,804450383.0,2026-05-12
US74347G4405,BITO,ProShares Bitcoin Strategy ETF,298487060.0,2026-05-12
US74349Y7040,BITU,PROSHARES ULTRA BITCOIN ETF,211345392.0,2026-05-12
US92864M3016,BITX,2X BITCOIN STRATEGY ETF,313591095.0,2026-05-12
US09609G1004,BLUE,bluebird bio Inc ⭐,0.0,2026-05-12
US26923Q5642,BMNR,T-Rex 2X Long BMNR Daily Target ETF ⭐,149553073.0,2026-05-12
US9219378356,BND,VANGUARD TOTAL BOND MARKET ETF,53257498.0,2026-05-12
US92203J4076,BNDX,VANGUARD TOTAL INTERNATIONAL BOND ETF,6852177.0,2026-05-12
US09075F1075,BNGO,Bionano Genomics Inc ⭐,0.0,2026-05-12
US0636798235,BNKU,BMO MicroSectors US Big Banks Index 3X Leveraged ETN ⭐,0.0,2026-05-12
US09063M2052,BNOX,Bionomics Ltd ADR ⭐,0.0,2026-05-12
US09075V1026,BNTX,BioNTech SE ADR ⭐,21998393.0,2026-05-12
US74347Y8701,BOIL,ProShares Ultra Bloomberg Natural Gas ETF ⭐,0.0,2026-05-12
US37954Y7159,BOTZ,GLOBAL X ROBOTICS N ARTIFICIAL INTELLIGENCE ETF,96551151.0,2026-05-12
US02072L5654,BOXX,Alpha Architect 1-3 Month Box ETF ⭐,175669324.0,2026-05-12
US0846701086,BRK.A,BERKSHIRE HATHAWAY INC CL A,406503000.0,2026-05-12
US0846707026,BRK.B,BERKSHIRE HATHAWAY INC CL B,650815350.0,2026-05-12
KYG169101204,BULL,Bullish ⭐,20257283.0,2026-05-12
US0636796171,BULZ,BMO MICROSECTORS FANG INNOVATION 3X LEVERAGED ETN,0.0,2026-05-12
US09257W1009,BXMT,BLACKSTONE MORTGAGE TRUST INC,2887672.0,2026-05-12
US08862E1091,BYND,Beyond Meat Inc,20088719.0,2026-05-12
US12430A1025,BZFD,BuzzFeed Inc Class A ⭐,0.0,2026-05-12
US1714391026,CCIV,Churchill Capital Corp IV (→Lucid Motors SPAC) ⭐,0.0,2026-05-12
PA1436583006,CCL,CARNIVAL CORP,0.0,2026-05-12
US19200A2042,CCNC,Code Chain New Continent Ltd ⭐,3077387.0,2026-05-12
US13200M5085,CEI,Camber Energy Inc ⭐,0.0,2026-05-12
US15961R1059,CHPT,ChargePoint Holdings Inc Class A ⭐,0.0,2026-05-12
US37954Y4420,CLOU,GLOBAL X CLOUD COMPUTING ETF,15854343.0,2026-05-12
US18914F1030,CLOV,Clover Health Investments Corp ⭐,3695622.0,2026-05-12
US18452B2097,CLSK,CleanSpark Inc ⭐,15751682.0,2026-05-12
US19247G1076,COHR,Coherent Corp ⭐,286504002.0,2026-05-12
US19260Q1076,COIN,COINBASE GLOBAL INC,349635029.0,2026-05-12
US88634T8247,CONY,YIELDMAX COIN OPTION INCOME STRATEGY ETF,0.0,2026-05-12
US2214133058,COSM,Cosmos Holdings Inc ⭐,251039.0,2026-05-12
US22160K1051,COST,COSTCO WHOLESALE CORP,0.0,2026-05-12
US22266T1097,CPNG,COUPANG INC,382434257.0,2026-05-12
US1725731079,CRCL,CRCL Internet,1097751469.0,2026-05-12
US79466L3024,CRM,Salesforce Inc ⭐,54907767.0,2026-05-12
US2270461096,CROX,Crocs Inc ⭐,8666465.0,2026-05-12
CH0334081137,CRSP,CRISPR Therapeutics AG ⭐,53537130.0,2026-05-12
US21873S1087,CRWV,CoreWeave Inc ⭐,196211780.0,2026-05-12
US12648L6011,CTIC,CTI BioPharma Corp ⭐,0.0,2026-05-12
MHY1146L1092,CTRM,Castor Maritime Inc ⭐,0.0,2026-05-12
US1468691027,CVNA,Carvana Co ⭐,20153352.0,2026-05-12
US25460E5050,CWEB,Direxion Daily CSI China Internet Index Bull 2X Shares ETF ⭐,0.0,2026-05-12
US23248B1098,CXAI,CXApp Inc (fka KINS Technology) ⭐,300915.0,2026-05-12
US2473617023,DAL,DELTA AIRLINES INC,43959417.0,2026-05-12
US24703L2025,DELL,Dell Technologies Inc Class C ⭐,0.0,2026-05-12
US23292E1082,DIDI,DiDi Global Inc ADR ⭐,13704663.0,2026-05-12
US2546871060,DIS,WALT DISNEY CO,0.0,2026-05-12
US37950E2919,DIV,GLOBAL X SUPERDIVIDEND US ETF,6846752.0,2026-05-12
US25400Q1058,DJT,Trump Media & Technology Group (구 DWAC) ⭐,30742817.0,2026-05-12
US2561631068,DOCU,DocuSign Inc ⭐,2552444.0,2026-05-12
US25460G8649,DPST,DIREXION DAILY REGIONAL BANKS BULL 3X SHS ETF,0.0,2026-05-12
US25460G4192,DRV,Direxion Daily Real Estate Bear 3X Shares ETF ⭐,505594.0,2026-05-12
US25400Q1058,DWAC,Digital World Acquisition Corp ⭐,30742817.0,2026-05-12
US17325E3099,DWTX/DWT,VelocityShares 3X Inverse Crude Oil ETN ⭐,0.0,2026-05-12
US25063F1075,DXYZ,Destiny Tech100 Inc ⭐,102114951.0,2026-05-12
US37954Y2853,EDOC,GLOBAL X TELEMEDICINE & DIGITAL HEALTH ETF,0.0,2026-05-12
US26853E1029,EH,EHANG HOLDINGS LTD ADR,22014858.0,2026-05-12
US4642882819,EMB,ISHARES JP MORGAN USD EMERGING MARKETS BOND ETF,3741699.0,2026-05-12
US92189H3003,EMLC,VANECK JP MORGAN EM LOCAL CURRENCY BOND ETF,5346411.0,2026-05-12
US29414B1044,EPAM,EPAM Systems Inc ⭐,4469677.0,2026-05-12
US26884U1097,EPR,EPR Properties ⭐,15685324.0,2026-05-12
US92864M4006,ETHU,2X ETHER ETF,0.0,2026-05-12
US30048L2034,EVFM,Evofem Biosciences ⭐,0.0,2026-05-12
US81362J2096,EYES,Second Sight Medical Products ⭐,0.0,2026-05-12
US3453708600,F,Ford Motor Co ⭐,13199024.0,2026-05-12
US35952H6018,FCEL,FuelCell Energy Inc ⭐,0.0,2026-05-12
US31447E1055,FEMY,Femasys Inc ⭐,269151.0,2026-05-12
US3168411052,FIGM,Figma Inc ⭐,51481280.0,2026-05-12
US0636796668,FNGD,BMO MicroSectors FANG+ Index -3X Inverse Leveraged ETN ⭐,0.0,2026-05-12
US0636798722,FNGU,BMO MicroSectors FANG+ Index 3X Leveraged ETN ⭐,0.0,2026-05-12
US33616C1009,FRC,First Republic Bank ⭐,2926.0,2026-05-12
US3026351078,FSK,FS KKR CAPITAL CORP,0.0,2026-05-12
US31188V1008,FSLY,Fastly Inc ⭐,9075530.0,2026-05-12
US35953D1046,FUBO,fuboTV Inc ⭐,0.0,2026-05-12
US4642871846,FXI,iShares China Large-Cap ETF ⭐,6458694.0,2026-05-12
US0636795421,GDXU,MicroSectors Gold Miners 3X Leveraged ETN ⭐,136406859.0,2026-05-12
US36828A1016,GEV,GE Vernova ⭐,563937591.0,2026-05-12
US3743964062,GEVO,Gevo Inc ⭐,6245076.0,2026-05-12
US3755581036,GILD,GILEAD SCIENCES INC,17161052.0,2026-05-12
US78463V1070,GLD,SPDR GOLD SHARES ETF,574844021.0,2026-05-12
US37045V1008,GM,General Motors Co ⭐,21468862.0,2026-05-12
US36467W1099,GME,GAMESTOP CORP,65592732.0,2026-05-12
SGXZ34583559,GNS,Genius Group Ltd ⭐,0.0,2026-05-12
US13803R1023,GOEV,Canoo Inc ⭐,0.0,2026-05-12
US02079K1079,GOOG,ALPHABET INC CL C,1604014786.0,2026-05-12
US02079K3059,GOOGL,ALPHABET INC CL A,9164704471.0,2026-05-12
KYG4124C1096,GRAB,GRAB HOLDINGS LTD CL A,271266244.0,2026-05-12
KYG4000K1004,GRRR,Gorilla Technology Group Inc ⭐,0.0,2026-05-12
US4180561072,HAS,HASBRO INC,604830.0,2026-05-12
US4448632038,HGEN,Humanigen Inc ⭐,17.0,2026-05-12
US4330001060,HIMS,Hims & Hers Health Inc Class A ⭐,67326870.0,2026-05-12
US00180N1019,HKD,AMTD Digital Inc ADR ⭐,899837.0,2026-05-12
US7707001027,HOOD,ROBINHOOD MARKETS INC,239662192.0,2026-05-12
US42237K3005,HTBX,Heat Biologics Inc ⭐,0.0,2026-05-12
US42806J1060,HTZ,Hertz Global Holdings Inc ⭐,0.0,2026-05-12
US4642885135,HYG,iShares iBoxx USD High Yield Corporate Bond ETF ⭐,23275914.0,2026-05-12
US44862P1093,HYMC,Hycroft Mining Holding Corp Class A ⭐,0.0,2026-05-12
US4642851053,IAU,ISHARES GOLD TRUST,0.0,2026-05-12
US4509581033,ICCT,iCoreConnect Inc ⭐,0.0,2026-05-12
US4642882249,ICLN,ISHARES GLOBAL CLEAN ENERGY ETF,26316652.0,2026-05-12
US4642874402,IEF,ISHARES 7-10 YEAR TREASURY BOND ETF,116629269.0,2026-05-12
US4642875151,IGV,iShares Expanded Tech-Software Sector ETF ⭐,40180537.0,2026-05-12
MHY3894J1047,IMPP,Imperial Petroleum Inc ⭐,0.0,2026-05-12
US45773H2013,INO,INOVIO PHARMACEUTICALS INC,0.0,2026-05-12
US4581401001,INTC,INTEL CORP,2072501453.0,2026-05-12
US46222L1089,IONQ,IONQ INC,4940046854.0,2026-05-12
US88636V8431,IONS,Defiance 2X Short IONQ Daily ETF,0.0,2026-05-12
US88636R2307,IONZ,Defiance Daily Target 2X Long IONQ ETF ⭐,0.0,2026-05-12
KYG8252P1054,IPOE,Social Capital Hedosophia V (→SoFi SPAC) ⭐,0.0,2026-05-12
AU0000185993,IREN,IRIS ENERGY LTD,1362698330.0,2026-05-12
US88636W6509,IRNU,Defiance Daily Target 2X Long IREN ETF ⭐,0.0,2026-05-12
US46131B1008,IVR,Invesco Mortgage Capital Inc REIT ⭐,0.0,2026-05-12
US4642872000,IVV,ISHARES CORE SP 500 ETF,618470291.0,2026-05-12
US4642876555,IWM,iShares Russell 2000 ETF ⭐,18829335.0,2026-05-12
US46641Q3323,JEPI,JP MORGAN EQUITY PREMIUM INCOME ETF,746136100.0,2026-05-12
US46654Q2030,JEPQ,J.P. MORGAN NASDAQ EQUITY PREMIUM INCOME ETF,1395218186.0,2026-05-12
US47759T1007,JKS,JinkoSolar Holding Co Ltd ADR ⭐,3753288.0,2026-05-12
US4781601046,JNJ,JOHNSON & JOHNSON,195600245.0,2026-05-12
US25460E1661,JNUG,Direxion Daily Junior Gold Miners Bull 3X Shares ETF,0.0,2026-05-12
KYG651631007,JOBY,JOBY AVIATION INC,812556439.0,2026-05-12
US46625H1005,JPM,JPMorgan Chase & Co ⭐,0.0,2026-05-12
US1912161007,KO,THE COCA COLA COMPANY,451433064.0,2026-05-12
US2774614067,KODK,Eastman Kodak Co ⭐,1706628.0,2026-05-12
US74347W3878,KOLD,ProShares UltraShort Bloomberg Natural Gas ETF ⭐,0.0,2026-05-12
US5006001011,KOPN,Kopin Corp ⭐,19950728.0,2026-05-12
US25461A3876,KORU,Direxion Daily MSCI South Korea Bull 2X Shares ⭐,477870768.0,2026-05-12
US25460G7161,LABD,Direxion Daily S&P Biotech Bear 3X Shares ETF ⭐,0.0,2026-05-12
US25490K3234,LABU,Direxion Daily S&P Biotech Bull 3X Shares ETF ⭐,0.0,2026-05-12
VGG794831062,LAES,SEALSQ Corp ⭐,172850923.0,2026-05-12
US5504241051,LAZR,Luminar Technologies Inc ⭐,0.0,2026-05-12
US5494981039,LCID,LUCID GROUP INC,0.0,2026-05-12
US50202M1027,LI,Li Auto Inc ADR ⭐,2117641.0,2026-05-12
US37954Y8553,LIT,GLOBAL X LITHIUM & BATTERY TECH ETF,61636459.0,2026-05-12
US55024U1097,LITE,Lumentum Holdings Inc ⭐,801541218.0,2026-05-12
US54951L1098,LKNCY,Luckin Coffee Inc ADR,3722922.0,2026-05-12
US5324571083,LLY,ELI LILLY & CO,355975070.0,2026-05-12
US54572F1012,LOT,LOTUS TECHNOLOGY INC,67011.0,2026-05-12
US4642872422,LQD,ISHARES IBOXX USD INVESTMENT GRADE CORPORATE BOND ETF,8886229.0,2026-05-12
US46125A1007,LUNR,Intuitive Machines Inc ⭐,164248986.0,2026-05-12
US5391831030,LVGO,Livongo Health Inc ⭐,0.0,2026-05-12
US57636Q1040,MA,MASTERCARD INC CL A,29489290.0,2026-05-12
US5657881067,MARA,Marathon Digital Holdings Inc ⭐,47197174.0,2026-05-12
US4642885887,MBB,ISHARES MBS ETF,2270728.0,2026-05-12
US30303M1027,META,META PLATFORMS INC CL A,1313025867.0,2026-05-12
US25461A8099,METD,Direxion Daily META Bull 2X Shares ⭐,82047814.0,2026-05-12
US53656F4173,METV,Roundhill Ball Metaverse ETF ⭐,14270220.0,2026-05-12
US5533681012,MP,MP Materials Corp Class A ⭐,100117035.0,2026-05-12
US56804T2050,MRIN,Marin Software Inc ⭐,0.0,2026-05-12
US58933Y1055,MRK,MERCK & CO INC,44922717.0,2026-05-12
US60770K1079,MRNA,MODERNA INC,79029667.0,2026-05-12
US5949181045,MSFT,MICROSOFT CORP,3555981794.0,2026-05-12
US5606671072,MSS,Maison Solutions Inc ⭐,0.0,2026-05-12
US5949724083,MSTR,MICROSTRATEGY INC CL A,970575719.0,2026-05-12
US26923N4622,MSTU,T-REX 2X LONG MSTR DAILY TARGET ETF,0.0,2026-05-12
US88636J2539,MSTX,Defiance Daily Target 1.75X Long MSTR ETF ⭐,0.0,2026-05-12
US88634T4931,MSTY,YieldMax MSTR Option Income Strategy ETF ⭐,0.0,2026-05-12
US26923N4549,MSTZ,T-Rex 2X Inverse MSTR Daily Target ETF ⭐,0.0,2026-05-12
US57667L1070,MTCH,MATCH GROUP INC,20435340.0,2026-05-12
US5951121038,MU,MICRON TECHNOLOGY INC,3147516863.0,2026-05-12
US62526P1093,MULN,Mullen Automotive Inc ⭐,0.0,2026-05-12
US25461A5285,MUU,Direxion Daily MU Bull 2X Shares ⭐,327657753.0,2026-05-12
US5949603048,MVIS,MicroVision Inc ⭐,1840538.0,2026-05-12
AU0000069130,NAKD,Naked Brand Group Ltd ⭐,0.0,2026-05-12
US64110L1061,NFLX,NETFLIX INC,458046555.0,2026-05-12
US62914V1061,NIO,NIO INC ADR,19040177.0,2026-05-12
US6541061031,NKE,NIKE INC CL B,269272523.0,2026-05-12
US6541101050,NKLA,Nikola Corp ⭐,0.0,2026-05-12
US63008G2030,NNDM,NANO DIMENSION LTD ADR,7118996.0,2026-05-12
IL0011681371,NNOX,NANO X IMAGING LTD,30242204.0,2026-05-12
US0636796338,NRGD,MICROSECTORS US BIG OIL INDEX -3X INV LEV ETN,0.0,2026-05-12
US06367V1052,NRGU,BMO MicroSectors US Big Oil Index 3X Leveraged ETN ⭐,0.0,2026-05-12
US25460E8443,NUGT,Direxion Daily Gold Miners Bull 3X Shares ETF ⭐,0.0,2026-05-12
US6700024010,NVAX,NOVAVAX INC,0.0,2026-05-12
US38747R8016,NVD,GRANITESHARES 2X SHORT NVDA DAILY ETF,203437165.0,2026-05-12
US67066G1040,NVDA,NVIDIA CORP,19171886900.0,2026-05-12
US38747R8271,NVDL,GRANITESHARES 2.0X LONG NVDA DAILY ETF,513612558.0,2026-05-12
US26923N7930,NVDQ,T-Rex 2X Inverse NVIDIA Daily Target ETF ⭐,0.0,2026-05-12
US46144X8424,NVDS,AXS 1.25X NVDA Bear Daily ETF ⭐,0.0,2026-05-12
US26923N8193,NVDT,T-Rex 2X Long NVIDIA Daily Target ETF ⭐,39630476.0,2026-05-12
US6701002056,NVO,Novo Nordisk A/S ADR ⭐,182167817.0,2026-05-12
US7561091049,O,REALTY INCOME CORP,664633433.0,2026-05-12
US67577C1053,OCGN,Ocugen Inc ⭐,4973094.0,2026-05-12
US06367V3033,OILD,MICROSECTORS US BIG OIL INDEX 3X INVERSE LEVERAGED ETN,0.0,2026-05-12
US02156V1098,OKLO,OKLO INC,418947337.0,2026-05-12
US6837121036,OPEN,Opendoor Technologies Inc ⭐,79623585.0,2026-05-12
US68389X1054,ORCL,ORACLE CORP,617149000.0,2026-05-12
US88636R5110,ORCU,Defiance Daily Target 2X Long ORCL ETF ⭐,0.0,2026-05-12
US6873051022,ORPH,Orphazyme A/S ADR ⭐,0.0,2026-05-12
US69047Q1022,OVV,Ovintiv Inc ⭐,21516013.0,2026-05-12
US6745991058,OXY,OCCIDENTAL PETROLEUM CORP,149765756.0,2026-05-12
US6952631033,PACW,PacWest Bancorp ⭐,0.0,2026-05-12
US7170811035,PFE,PFIZER INC,370682253.0,2026-05-12
US4642886877,PFF,ISHARES PREFERRED AND INCOME SECURITIES ETF,16191103.0,2026-05-12
US46138E5116,PGX,INVESCO PREFERRED ETF,15630328.0,2026-05-12
US71948P1003,PHUN,Phunware Inc ⭐,0.0,2026-05-12
US69608A1088,PLTR,PALANTIR TECHNOLOGIES INC CL A,0.0,2026-05-12
US25461A4452,PLTU,Direxion Daily PLTR Bull 2X Shares ⭐,0.0,2026-05-12
US72919P2020,PLUG,PLUG POWER INC,0.0,2026-05-12
US74319F1075,PROG,Progenity Inc ⭐,0.0,2026-05-12
US74019L5030,PRPO,Precipio Diagnostics Inc ⭐,0.0,2026-05-12
US74113T1051,PRST,Presto Automation Inc ⭐,3.0,2026-05-12
US74347B7148,PSQ,ProShares Short QQQ ETF ⭐,0.0,2026-05-12
US38747R7109,PTIR,GraniteShares 2X Long PLTR Daily ETF ⭐,112518399.0,2026-05-12
US70614W1009,PTON,Peloton Interactive Inc ⭐,1140966.0,2026-05-12
US74374T1097,PTRA,Proterra Inc ⭐,0.0,2026-05-12
US70450Y1038,PYPL,PAYPAL HOLDINGS INC,45640300.0,2026-05-12
US26740W1099,QBTS,D-Wave Quantum Inc ⭐,199344411.0,2026-05-12
US7475251036,QCOM,QUALCOMM INC,271941967.0,2026-05-12
US74347R2067,QLD,PROSHARES ULTRA QQQ ETF,2153939338.0,2026-05-12
US46090E1038,QQQ,INVESCO QQQ TRUST SRS 1 ETF,4827205692.0,2026-05-12
US46138G6492,QQQM,INVESCO NASDAQ 100 ETF,2637953451.0,2026-05-12
US88636J8403,QQQY,Defiance Nasdaq 100 Enhanced Options Income ETF ⭐,0.0,2026-05-12
US74767V1098,QS,QuantumScape Corp Class A ⭐,100038185.0,2026-05-12
US74766W1080,QUBT,Quantum Computing Inc ⭐,119716418.0,2026-05-12
US37954Y4834,QYLD,GLOBAL X NASDAQ 100 COVERED CALL ETF,0.0,2026-05-12
US7710491033,RBLX,RBLX CORP CL A,92393683.0,2026-05-12
US75776W1036,RDW,Redwire Corp ⭐,162137728.0,2026-05-12
US88636V6526,RGTD,Defiance Daily Target 2X Short RGTI ETF ⭐,9398531.0,2026-05-12
US76655K1034,RGTI,RIGETTI COMPUTING INC,401268814.0,2026-05-12
US7672921050,RIOT,Riot Platforms Inc (fka Riot Blockchain) ⭐,18876760.0,2026-05-12
US76954A1034,RIVN,RIVIAN AUTOMOTIVE INC,84489305.0,2026-05-12
US7731211089,RKLB,ROCKET LAB CORPORATION,1778750358.0,2026-05-12
US77543R1023,ROKU,ROKU INC,5547310.0,2026-05-12
US86771W1053,RUN,SUNRUN INC,5228393.0,2026-05-12
US75629V1044,RXRX,Recursion Pharmaceuticals Inc ⭐,148737850.0,2026-05-12
US19423L5654,SARK,Tuttle Capital Short Innovation ETF ⭐,0.0,2026-05-12
US87105M1027,SBE,Switchback Energy Acquisition Corp (→ChargePoint) ⭐,0.0,2026-05-12
US8200144058,SBET,SharpLink Gaming Inc ⭐,24936777.0,2026-05-12
US8677814035,SBFM,Sunshine Biopharma Inc ⭐,0.0,2026-05-12
US8552441094,SBUX,STARBUCKS CORP,113527895.0,2026-05-12
US8085247976,SCHD,SCHWAB US DIVIDEND EQUITY ETF,3057349486.0,2026-05-12
US74347W6681,SCO,ProShares UltraShort Bloomberg Crude Oil ETF ⭐,0.0,2026-05-12
US80810D1037,SDGR,SCHRODINGER INC,14464671.0,2026-05-12
US37950E5490,SDIV,GLOBAL X SUPERDIVIDEND ETF,0.0,2026-05-12
US74347G3092,SDOW,ProShares UltraPro Short Dow30 ETF ⭐,0.0,2026-05-12
BMG7997W1029,SDRL,SEADRILL LTD,23715512.0,2026-05-12
US74347B3832,SDS,ProShares UltraShort S&P 500 ETF ⭐,0.0,2026-05-12
US81758H1068,SERV,Serve Robotics Inc ⭐,34441207.0,2026-05-12
US78397Q1094,SES,SES AI Corp ⭐,29113336.0,2026-05-12
KYG807511293,SGOC,SGOCO Group Ltd ⭐,0.0,2026-05-12
US46436E7186,SGOV,ISHARES 0-3 MONTH TREASURY BOND ETF,1761200090.0,2026-05-12
US74347B4251,SH,PROSHARES SHORT S&P500 ETF,0.0,2026-05-12
CA82509L1076,SHOP,Shopify Inc Class A ⭐,16878763.0,2026-05-12
US4642886794,SHV,ISHARES SHORT TREASURY BOND ETF,50563216.0,2026-05-12
US4642874576,SHY,iShares 1-3 Year Treasury Bond ETF ⭐,39567213.0,2026-05-12
US8269171067,SIGA,SIGA Technologies Inc ⭐,1681383.0,2026-05-12
US83067L1098,SKLZ,Skillz Inc Class A ⭐,0.0,2026-05-12
US46428Q1094,SLV,ISHARES SILVER TRUST ETF,600510037.0,2026-05-12
US86800U1043,SMCI,SUPER MICRO COMPUTER INC,0.0,2026-05-12
US88636R1234,SMCX,Defiance Daily Target 2X Long SMCI ETF ⭐,0.0,2026-05-12
US92189F6768,SMH,VANECK SEMICONDUCTOR ETF,812458737.0,2026-05-12
US67079K1007,SMR,NUSCALE POWER CORP,599293416.0,2026-05-12
US46143U4922,SMRU,TRADR 2X Long SMR Daily ETF ⭐,0.0,2026-05-12
US83304A1060,SNAP,Snap Inc Class A ⭐,5127678.0,2026-05-12
US80004C2008,SNDK,SanDisk Corp ⭐,2698905893.0,2026-05-12
CA86730L1094,SNDL,Sundial Growers Inc ⭐,0.0,2026-05-12
US46152A6689,SNDU,TRADR 2X Long SNDK Daily ETF ⭐,380817524.0,2026-05-12
US8334451098,SNOW,Snowflake Inc ⭐,36297231.0,2026-05-12
US8716071076,SNPS,Synopsys Inc ⭐,160571605.0,2026-05-12
US83406F1021,SOFI,SOFI TECHNOLOGIES INC,119434853.0,2026-05-12
US92864M8304,SOLT,2X Solana ETF ⭐,0.0,2026-05-12
US8361001071,SOUN,SoundHound AI Inc Class A ⭐,70341445.0,2026-05-12
US25459W4583,SOXL,DIREXION DAILY SEMICONDUCTORS BULL 3X ETF,3962423586.0,2026-05-12
US25460G6908,SOXS,DIREXION DAILY SEMICONDUCTORS BEAR 3X ETF,0.0,2026-05-12
US4642875235,SOXX,ISHARES SEMICONDUCTOR ETF,0.0,2026-05-12
US92766K1060,SPCE,VIRGIN GALACTIC HOLDINGS INC CL A,0.0,2026-05-12
US8288061091,SPG,Simon Property Group Inc ⭐,23048111.0,2026-05-12
KYG8651P1101,SPI,SPI Energy Co Ltd ⭐,74.0,2026-05-12
US78464A8541,SPLG,SPDR PORTFOLIO S&P 500 ETF,1248851712.0,2026-05-12
US86858W2008,SPRT,Support.com Inc ⭐,0.0,2026-05-12
US25459W8626,SPXL,Direxion Daily S&P 500 Bull 3X Shares ETF ⭐,45456291.0,2026-05-12
US25460E8856,SPXS,Direxion Daily S&P 500 Bear 3X Shares ETF ⭐,0.0,2026-05-12
US74347B2685,SPXU,ProShares UltraPro Short S&P 500 ETF ⭐,0.0,2026-05-12
US78462F1030,SPY,SPDR SP 500 ETF TRUST,2892618123.0,2026-05-12
US8522341036,SQ,Block Inc (fka Square) Class A ⭐,0.0,2026-05-12
US74347G4082,SQQQ,PROSHARES ULTRAPRO SHORT QQQ,0.0,2026-05-12
US37950E1275,SRET,GLOBAL X SUPERDIVIDEND REIT ETF,0.0,2026-05-12
US83587F2020,SRNE,Sorrento Therapeutics Inc ⭐,3069.0,2026-05-12
US74347R1077,SSO,ProShares Ultra S&P 500 ETF ⭐,189204798.0,2026-05-12
US86803X2045,SUNW,Sunworks Inc ⭐,1.0,2026-05-12
US92891H1014,SVIX,-1X Short VIX Futures ETF ⭐,4061732.0,2026-05-12
US00206R1023,T,AT AND T INC,108491801.0,2026-05-12
US46138G7060,TAN,Invesco Solar ETF ⭐,9376162.0,2026-05-12
US87918A1051,TDOC,TELADOC HEALTH INC,10622299.0,2026-05-12
US25459W1027,TECL,Direxion Daily Technology Bull 3X Shares ETF ⭐,52893736.0,2026-05-12
US88023B1035,TEM,Tempus AI Inc,227881497.0,2026-05-12
US4642871762,TIP,iShares TIPS Bond ETF ⭐,6398693.0,2026-05-12
US88688T1007,TLRY,Tilray Brands Inc Class 2 ⭐,0.0,2026-05-12
US4642874329,TLT,ISHARES 20+ YEAR TREASURY BOND ETF,561259002.0,2026-05-12
US46436E3383,TLTW,ISHARES 20+ YEAR TREASURY BOND BUYWRITE,133158678.0,2026-05-12
US25459W5408,TMF,DIREXION DAILY 20+ YEAR TREASURY BULL 3X SHS ETF,0.0,2026-05-12
US25460G8490,TMV,Direxion Daily 20+ Year Treasury Bear 3X Shares ETF,2193055.0,2026-05-12
US25459W8477,TNA,Direxion Daily Small Cap Bull 3X Shares ETF ⭐,0.0,2026-05-12
KYG989A61029,TOP,Zhong Yang Financial Group Ltd ⭐,700181.0,2026-05-12
US87978U1088,TPST,Tempest Therapeutics Inc ⭐,0.0,2026-05-12
US74347X8314,TQQQ,PROSHARES ULTRAPRO QQQ ETF,4434391272.0,2026-05-12
US89102U1034,TRCH,Torchlight Energy Resources Inc ⭐,0.0,2026-05-12
US89689F3055,TRKA,Troika Media Group Inc ⭐,0.0,2026-05-12
US88160R1014,TSLA,TESLA INC,27312132014.0,2026-05-12
US46144X1239,TSLB,TRADR 2X Short TSLA Daily ETF ⭐,0.0,2026-05-12
US25460G2865,TSLL,DIREXION DAILY TSLA BULL 2X SHARES,2595295277.0,2026-05-12
US46144X8671,TSLQ,AXS TSLA Bear Daily ETF ⭐,0.0,2026-05-12
US25460G2600,TSLS,Direxion Daily TSLA Bear 1X Shares ⭐,0.0,2026-05-12
US26923N8359,TSLT,T-REX 2X LONG TESLA DAILY TARGET ETF,142629787.0,2026-05-12
US88636J4444,TSLY,YIELDMAX TSLA OPTION INCOME STRATEGY ETF,0.0,2026-05-12
US26923N8276,TSLZ,T-Rex 2X Inverse Tesla Daily Target ETF ⭐,0.0,2026-05-12
US8740391003,TSM,TAIWAN SEMICONDUCTOR ADR,1558365363.0,2026-05-12
US89853L2034,TTOO,T2 Biosystems ⭐,0.0,2026-05-12
US8998961044,TUP,Tupperware Brands Corp ⭐,0.0,2026-05-12
US22542D2586,TVIX,VelocityShares Daily 2X VIX Short-Term ETN,0.0,2026-05-12
US90184L1026,TWTR,Twitter Inc ⭐,0.0,2026-05-12
US91332U1016,U,UNITY SOFTWARE INC,100730896.0,2026-05-12
US9100471096,UAL,United Airlines Holdings Inc ⭐,15254661.0,2026-05-12
US00848K1016,UAVS,AgEagle Aerial Systems Inc ⭐,0.0,2026-05-12
US90353T1007,UBER,UBER TECHNOLOGIES INC,70265708.0,2026-05-12
US74347W2474,UCO,ProShares Ultra Bloomberg Crude Oil,0.0,2026-05-12
US22539T1833,UGAZ,VelocityShares 3X Long Natural Gas ETN,0.0,2026-05-12
US74347W6012,UGL,ProShares Ultra Gold ETF ⭐,21976518.0,2026-05-12
US88636J5276,ULTY,YieldMax Ultra Option Income Strategy ETF ⭐,0.0,2026-05-12
US91324P1021,UNH,UNITEDHEALTH GROUP INC,753730036.0,2026-05-12
US74347X8645,UPRO,PROSHARES ULTRAPRO S&P 500 ETF,206325372.0,2026-05-12
US91680M1071,UPST,Upstart Holdings Inc ⭐,20478157.0,2026-05-12
US22542D2909,USLV,VelocityShares 3X Long Silver ETN,0.0,2026-05-12
US91232N1081,USO,UNITED STATES OIL FUND LP ETF,0.0,2026-05-12
US92891H3093,UVIX,2X Long VIX Futures ETF ⭐,0.0,2026-05-12
US74347W1484,UVXY,ProShares Ultra VIX Short-Term Futures ETF ⭐,0.0,2026-05-12
US17325E2919,UWT,VelocityShares 3X Long Crude Oil ETN,0.0,2026-05-12
US92826C8394,V,VISA INC CL A,135924879.0,2026-05-12
US92206C8709,VCIT,VANGUARD INTERMEDIATE TERM CORPORATE BOND ETF,0.0,2026-05-12
US92206C4096,VCSH,VANGUARD SHORT TERM CORPORATE BOND ETF,5387229.0,2026-05-12
US92536C1036,VERU,Veru Inc ⭐,0.0,2026-05-12
SGXZ55111462,VFS,VinFast Auto Ltd ⭐,5268373.0,2026-05-12
US92204A7028,VGT,Vanguard Information Technology ETF,58223197.0,2026-05-12
US92686J1060,VKTX,Viking Therapeutics Inc ⭐,14524274.0,2026-05-12
US3842781078,VLDR,Graf Industrial Corp / Velodyne Lidar (SPAC 합병 전) ⭐,0.0,2026-05-12
US9229085538,VNQ,VANGUARD REAL ESTATE ETF,44301336.0,2026-05-12
US9229083632,VOO,VANGUARD SP 500 ETF,4530781222.0,2026-05-12
US92537N1081,VRT,Vertiv Holdings Co ⭐,379983221.0,2026-05-12
US92840M1027,VST,Vistra Corp ⭐,69629158.0,2026-05-12
US9220427424,VT,VANGUARD TOTAL WORLD STOCK ETF,161944180.0,2026-05-12
US9229077469,VTEB,VANGUARD TAX-EXEMPT BOND ETF,0.0,2026-05-12
US9229087690,VTI,VANGUARD TOTAL STOCK MARKET ETF,275057984.0,2026-05-12
US92534K1079,VTNR,Vertex Energy Inc ⭐,0.0,2026-05-12
US92921W3007,VUZI,Vuzix Corp ⭐,4389527.0,2026-05-12
US9219468850,VWOB,VANGUARD EMERGING MARKETS GOVERNMENT BOND ETF,7753573.0,2026-05-12
US92243A2006,VXRT,Vaxart Inc ⭐,1365772.0,2026-05-12
US9576381092,WAL,Western Alliance Bancorp ⭐,265333.0,2026-05-12
US9497461015,WFC,Wells Fargo & Co ⭐,30729825.0,2026-05-12
US21077C1071,WISH,ContextLogic Inc ⭐,0.0,2026-05-12
US98138J2069,WKHS,Workhorse Group Inc ⭐,0.0,2026-05-12
US9616842061,WWR,Westwater Resources Inc ⭐,2408438.0,2026-05-12
US30162V4095,XELA,Exela Technologies Inc ⭐,0.0,2026-05-12
US81369Y8030,XLK,TECHNOLOGY SELECT SECTOR SPDR FUND ETF,124639697.0,2026-05-12
US30231G1022,XOM,EXXON MOBIL CORP,144375692.0,2026-05-12
US78468R5569,XOP,SPDR SP OIL GAS EXPLORATION AND PRODUCTION ETF,10631846.0,2026-05-12
US98422D1054,XPEV,XPENG INC ADR,17230083.0,2026-05-12
US46434V3814,XT,ISHARES EXPONENTIAL TECHNOLOGIES ETF,497017.0,2026-05-12
US25460E5217,YANG,Direxion Daily FTSE China Bear 3X Shares ETF ⭐,0.0,2026-05-12
US25459W7719,YINN,Direxion Daily FTSE China Bull 3X Shares ETF,0.0,2026-05-12
US98956A1051,ZETA,Zeta Global Holdings Corp Class A ⭐,37193926.0,2026-05-12
US98980L1017,ZM,Zoom Video Communications Inc Class A ⭐,6708050.0,2026-05-12
CA98980M1095,ZOM,Zomedica Corp ⭐,1012921.0,2026-05-12
US74347Y7224,ZSL,ProShares UltraShort Silver ETF ⭐,0.0,2026-05-12
US8807701029,TER,Teradyne Inc,177663171.0,2026-05-12
US5738741041,MRVL,Marvell Technology Group Ltd,500713880.0,2026-05-12
US74347Y7976,SCO,ProShares UltraShort Bloomberg Crude Oil,44006829.0,2026-05-12
US88080T1043,WULF,Terawulf Inc,66595617.0,2026-05-12
US25461A8412,GGLL,Direxion Daily GOOGL Bull 1.5X Shares,170429230.0,2026-05-12
US9581021055,WDC,Western Digital Corporation,181924306.0,2026-05-12
US78433H6751,QQQI,NEOS Nasdaq 100 High Income ETF,560411935.0,2026-05-12
US1442851036,CRS,Carpenter Technology Corporation,5168962.0,2026-05-12
KYG3730V1059,FTAI,FTAI Aviation Ltd.,58792042.0,2026-05-12
